行标签,求和项:数量,求和项:point
Mix鮭の空!!,30,11139787011027644
蓮すきすきクラブ,29,10017150897466632
眩耀夜行,25,7852381037376414
乙宗動物園,25,5842447970409044
スリスリーズ,24,8545136486458058
蓮ノ空愛好会,24,7479213282115784
スクステ同好会,21,5238891774687990
かほすこ同好会,21,4345503499423008
花帆ちゃん親衛隊,21,5151342100742570
村村会,21,5397054066709167
ルドベキア,20,5190034624410320
LA.LA.LA,20,4641949460345944
さすさやクラブ,20,4357209324758751
能京カバディ部,20,6606142516929958
サークル名募集中,16,3365374233979741
乙宗梢大好き部,16,3900082160633804
きんぴられんこん,16,3958134135174336
星見プロ,14,4656558898845727
乙宗梢なりきり部,13,3180759524058395
金沢おでん同好会,13,2557500976947943
リンクラ料理部,13,4063319073302421
WMW,13,3246092568098681
蓮ノ空出張部,13,2580702496451621
泥,12,2952075162381031
わたくしは大丈部,11,2486054019509411
蓮ノ空推し活部,11,2368857932425383
はすっこくらぶ,11,2525010375589446
徒町チャレンジ！,10,1796163110071638
めぐ党藤島派,10,2429404393515941
くる♡すきクラブ,9,2660109666589633
梢好き好きクラブ,9,1850329802172353
梢すきすきクラブ,9,1746630732304274
ルリと愉快な一家,9,2289691070305016
蓮ノ空すこやか部,8,1558435927518692
ラー麺二郎金沢店,8,2206067625523474
めぐ島,8,1585450082576925
おんゆあさーくる,7,1300460949367186
さやかほ癒し会,7,1563296555809704
まったり,7,1555831209206546
百合ノ空観察部,7,1332263691996774
ぷちぐる同好会,6,1248616460377340
後方腕組みオタク,6,1475946347023792
お嬢様筋トレ部,6,1349921751164027
蓮女お嬢様クラブ,6,1183101365681657
(空白),6,1471664821082625
蓮ノ空魔術部,6,1082399493286338
シュリーレン,6,1268382011395554
花咲く泥も好き²,6,1345249019472601
"oNM,",6,1634991955398289
花帆推し倶楽部,6,1305877256197504
無言でおけ,6,1097679586949861
天悶部,5,974528848415991
花咲かせ隊,5,940403492438896
YUKIZURI,5,1197088500697281
休暇建設協会,5,892506761076758
乙宗紅茶館,5,908079519889641
無言でエンジョイ,5,1085805982285411
流し素麺同好会,5,1107601021119066
「」ノ空だけれど,5,1015600169982271
みらくらは人生！,5,981390117667228
LGP,4,698846433049824
藤島め組,4,969971045456150
Aqours,4,653917746019012
僕らのリンクラ！,4,809811930818563
カワウソ同好会,4,977140098711703
蓮ノ空FC,4,923791477445627
いつでも咲けるよ,4,801910114533700
打ち返した流れ星,4,992993449643042
蓮ノ沼に沈んだ泥,4,869576822408470
LLD,4,706099278077304
蓮ノ空を応援し隊,4,668161710477439
なのだけれど,4,734416782346038
ルリと花咲く毎日,4,695460103087969
梢先輩おめでとう,4,877036291737059
ぽかぽかモガの村,3,628268515041710
思想の溜まり場,3,443087187060224
こずミックラブ♡,3,774921522711075
泥民館,3,718791191396420
無言 ノルマなし,3,614312626030202
蓮ノ空端末欠損部,3,478110806110638
蓮之愛同予者何人,3,576580994365717
蓮ノ空マタギ部,3,776351267792334
アポロベイ海賊団,3,604976018581031
蓮ノ空のお弁当屋,3,703245086089819
LLすこ部　メ募,3,497156490144715
箱推しなのだけど,3,467736380425975
ぽけもん好き,3,726286312149667
泥のみんなS,3,663978839404114
ふらわーすきすき,3,445275780715292
花咲くラブライ部,3,605333639453994
さやかほ花卉園,3,675745464863228
毎日がホリデイ♪,3,616204477630950
蓮好き好きクラブ,3,549728699728126
毎日がエブリデイ,3,603095566582966
綴理メイト,3,518299941487958
猫＆旅大好き部,3,498451468260615
r/LL,3,691364188657266
乙宗梢様､､､,3,549145268484399
LLP,3,627370410985789
ラナンキュラス,3,782376859233650
FPS好きクラブ,3,681134236719644
ルリと喜ド！愛楽,2,351307371555875
泥村,2,349443526975466
サークル2,2,375176137601826
蓮っ子,2,364641448174890
泥の皆様,2,345627530701504
視聴覚室目指し隊,2,372244316754852
乙宗気合筋肉,2,327180264715384
BWO,2,300121556098032
かほ子のイオン,2,406950748615162
ゆめみづほ,2,299532130991054
アフター見よう！,2,388064675362558
蓮ちゃん初心者,2,344567227877095
蓮ノ空　茨城分校,2,288776244301635
まったりハスら～,2,502628259647321
さや綴理の村人,2,320048432821019
ポチっと！蓮ノ空,2,371926866324244
同じ話し何回も…,2,553210980071897
空き時間らくがき,2,347429878775627
楽園計画,2,489366352964128
見晴台,2,353292746252806
蓮好き皆あつまれ,2,307729604267675
蓮の空見守り隊,2,360684733941663
蓮ノ空おじさん,2,316071143678125
蓮ノ空文芸部,2,309809078179575
アニマル分室,2,440653555097297
ぱちぱち徒町,2,418477753149389
喫茶カワウ空✨,2,345452810447209
ド！ド！泥！,2,450928554139820
ルリめぐ,2,367243924589741
月火水木金土日,2,346800454164991
沙知先輩大好き部,2,374087901239140
蓮ノ空大好き!!,2,333690821046300
料亭「さち処」,2,402017822086249
♬さやか愛好会♬,2,364620135968138
ラ！の会,2,383222625478781
良いチケで観よう,2,365508031503407
アルストロメリア,1,156882079835226
ごはん派！！！,1,149711239876014
蓮ノ空遊戯開発部,1,173572716436765
無敵級ビリーバー,1,184090661125558
幼馴染同好会,1,169502067429538
みらくらぽーく！,1,191037129094836
無言OK出入自由,1,159276693850921
繚乱！蓮ノ空,1,155733563901696
蓮ノ空飲酒クラブ,1,195660816999112
まったりんくら,1,194004467480244
藤島幼稚園蓮組,1,187242252572928
綴理と無言で昼寝,1,248550237266293
オーバーブースト,1,167925568297926
卍愛蓮説卍,1,166132162293515
蓮ノ空の泥人会,1,142314824342417
綴理、愛,1,188889838030594
異次元ビリーバー,1,206741898265682
蓮ノ空老人会,1,269500286659888
FF43企鵝冰屋,1,213168331008716
新鮮館,1,239019830321775
蓮ノ空喫茶部,1,203901260087099
フラワー泥民館,1,244772904929268
安土桃山時代,1,182687323212164
待機室跡地観測所,1,225887736530665
蓮結ぶ虹と星の音,1,150215568627079
フラワーガーデン,1,232645208232950
レンコンおいしい,1,163295383512085
【無言】ハスノソ,1,142230774385390
いちじょ海賊団,1,187929888317580
大野お台場公園,1,160144413814888
旅人,1,234909989597821
はんぺん同好会,1,233741302423539
近畿の大金沢,1,232780837461934
蓮っ子みらくラブ,1,156819216702741
蓮ノ空卓球部,1,171931637768185
はすのひよこ,1,277862019629016
LLすこすこ部,1,284637328846492
はすっこ準備室,1,169140010318122
金沢の泥,1,200244928408028
兎小屋ｼﾏﾘｽ部,1,146605952620222
蓮ノ空のんびり部,1,244096061903857
ぱかぱか同好会,1,182952953464293
1限目に遅刻ラブ,1,266410177078369
のんちゅけ同好会,1,173582470297065
闇のルビィ団,1,158474387194617
ねるねる同好会,1,162935009444778
こな党,1,149472804596369
蓮之空大三腳,1,145042021412262
こじらせ部,1,189045870484752
なに,1,154796358754195
騎空団蓮ノ空支部,1,409937570556067
なす料理研究会,1,209606286786499
無言で自由,1,161540282872617
どんぐり共和国,1,177200513948986
かちまち応援隊,1,207970316851437
とろぺりです,1,225033750315420
素鴨のピクセル,1,285309799664555
ドル家の『D』,1,304747974664227
レンクウ,1,302862327347165
とりあえず,1,152942497839117
イカトンブライ部,1,172535539838383
蓮ノ空ボドゲ部,1,148196231060164
中国の蓮之空圈子,1,179598285910924
せーはす愛好会,1,144842091557071
アフター観たいぞ,1,244819483591904
慈と愉快な仲間達,1,194910238590121
瑠璃乃推し隊,1,220787729970428
スクステ同好会③,1,189385503564358
UOは合法同好会,1,151063324201789
スクステ同好会②,1,187770518690740
PPIHクラブ,1,179289746624116
元カノ概念強火派,1,199979098421160
MUGEN∞,1,173208332041547
スクスタ亡霊部,1,151192954745787
ラ研連合,1,150423558026407
初奈の泣きぼくろ,1,156273675419449
ラブライバーの森,1,168156374687713
蓮ちゅきクラブ,1,238229723503869
蓮ノ空応援クラブ,1,154619985097436
さやちゃん倶楽部,1,158498977575914
県立沢庵図書館,1,194508107624283
蓮女マネージャー,1,295042026660002
Catlike,1,192900366638702
さやかほ緩々会,1,173971766051651
BBF 金沢支社,1,269102793692903
巣〜極楽〜,1,372672790835821
A,1,144092431479876
蓮ノ空は明日ノ空,1,171030372225076
小蓮花（重生版x,1,169347973384714
ささやか村の集い,1,143206147435896
蓮女お嬢様部,1,213595201374824
ふくふく無言OK,1,232545136424537
無言OKクラブ,1,161315001358898
总计,1014,240643144352596896
