行标签,求和项:数量
蓮すきすきクラブ,30
Mix鮭の空!!,30
乙宗動物園,26
蓮ノ空愛好会,25
スリスリーズ,25
眩耀夜行,24
花帆ちゃん親衛隊,22
かほすこ同好会,22
スクステ同好会,21
ルドベキア,21
能京カバディ部,20
LA.LA.LA,20
村村会,20
さすさやクラブ,19
きんぴられんこん,17
乙宗梢大好き部,17
サークル名募集中,15
星見プロ,15
WMW,14
乙宗梢なりきり部,13
金沢おでん同好会,13
リンクラ料理部,13
泥,12
蓮ノ空出張部,12
わたくしは大丈部,12
蓮ノ空推し活部,11
ルリと愉快な一家,11
徒町チャレンジ！,10
めぐ党藤島派,10
はすっこくらぶ,10
梢すきすきクラブ,9
くる♡すきクラブ,8
梢好き好きクラブ,8
さやかほ癒し会,8
ラー麺二郎金沢店,8
蓮ノ空すこやか部,8
めぐ島,7
まったり,7
百合ノ空観察部,7
おんゆあさーくる,7
ぷちぐる同好会,6
みらくらは人生！,6
シュリーレン,6
後方腕組みオタク,6
お嬢様筋トレ部,6
"oNM,",6
花咲く泥も好き²,6
蓮ノ空魔術部,6
(空白),6
藤島め組,5
乙宗紅茶館,5
無言でエンジョイ,5
YUKIZURI,5
流し素麺同好会,5
「」ノ空だけれど,5
天悶部,5
花帆推し倶楽部,5
休暇建設協会,5
花咲かせ隊,5
LLD,5
蓮女お嬢様クラブ,5
蓮ノ空を応援し隊,5
泥民館,4
Aqours,4
こずミックラブ♡,4
ルリと花咲く毎日,4
無言でおけ,4
打ち返した流れ星,4
僕らのリンクラ！,4
いつでも咲けるよ,4
梢先輩おめでとう,4
蓮ノ空FC,4
無言 ノルマなし,4
カワウソ同好会,4
FPS好きクラブ,4
蓮ノ沼に沈んだ泥,4
LLすこ部　メ募,3
乙宗気合筋肉,3
箱推しなのだけど,3
乙宗梢様､､､,3
LLP,3
アポロベイ海賊団,3
ルリめぐ,3
綴理メイト,3
LGP,3
さやかほ花卉園,3
ラナンキュラス,3
r/LL,3
スクスタ亡霊部,3
蓮之愛同予者何人,3
花咲くラブライ部,3
なのだけれど,3
蓮ノ空のお弁当屋,3
猫＆旅大好き部,3
ぽかぽかモガの村,3
毎日がエブリデイ,3
ぽけもん好き,3
毎日がホリデイ♪,3
蓮ノ空マタギ部,3
泥村,3
蓮好き好きクラブ,3
BWO,2
アニマル分室,2
サークル2,2
喫茶カワウ空✨,2
蓮ノ空文芸部,2
泥のみんなS,2
蓮ちゃん初心者,2
泥の皆様,2
蓮っ子,2
アフター見よう！,2
ゆめみづほ,2
月火水木金土日,2
同じ話し何回も…,2
蓮の空見守り隊,2
ふらわーすきすき,2
沙知先輩大好き部,2
蓮好き皆あつまれ,2
さや綴理の村人,2
ド！ド！泥！,2
見晴台,2
料亭「さち処」,2
視聴覚室目指し隊,2
まったりハスら～,2
思想の溜まり場,2
蓮ノ空のんびり部,2
ぱちぱち徒町,2
楽園計画,2
かほ子のイオン,2
蓮ノ空おじさん,2
藤島幼稚園蓮組,1
綴理、愛,1
新鮮館,1
さやちゃん倶楽部,1
闇のルビィ団,1
蓮ちゅきクラブ,1
無言OKクラブ,1
となりにこな,1
フラワー泥民館,1
蓮っ子みらくラブ,1
レンコンおいしい,1
蓮ノ空　茨城分校,1
MUGEN∞,1
ポチっと！蓮ノ空,1
兎小屋ｼﾏﾘｽ部,1
さやかほ緩々会,1
無言で自由,1
かちまち応援隊,1
ささやか村の集い,1
PPIHクラブ,1
元カノ概念強火派,1
とりあえず,1
のんちゅけ同好会,1
蓮ノ空は明日ノ空,1
安土桃山時代,1
蓮ノ空ボドゲ部,1
こな党,1
まったりんくら,1
素鴨のピクセル,1
ドル家の『D』,1
イカトンブライ部,1
FF43企鵝冰屋,1
無敵級ビリーバー,1
蓮ノ空喫茶部,1
大野お台場公園,1
みらくらぽーく！,1
いちじょ海賊団,1
蓮ノ空大好き!!,1
ふくふく無言OK,1
蓮ノ空端末欠損部,1
オーバーブースト,1
めぐめぐバブり隊,1
異次元ビリーバー,1
蓮ノ空老人会,1
空き時間らくがき,1
UOは合法同好会,1
Catlike,1
BBF 金沢支社,1
レンクウ,1
とろぺりです,1
ぱかぱか同好会,1
蓮ノ空飲酒クラブ,1
騎空団蓮ノ空支部,1
蓮ノ空応援クラブ,1
アルストロメリア,1
蓮ノ空遊戯開発部,1
巣〜極楽〜,1
蓮ノ空卓球部,1
初奈の泣きぼくろ,1
ラ！の会,1
はすっこ準備室,1
どんぐり共和国,1
はすのひよこ,1
なす料理研究会,1
ごはん派！！！,1
蓮結ぶ虹と星の音,1
卍愛蓮説卍,1
ラブライバーの森,1
スクステ同好会②,1
蓮女お嬢様部,1
無言OK出入自由,1
蓮女マネージャー,1
待機室跡地観測所,1
ラ研連合,1
県立沢庵図書館,1
蓮之空大三腳,1
小蓮花（重生版x,1
良いチケで観よう,1
はんぺん同好会,1
繚乱！蓮ノ空,1
スクステ同好会③,1
なに,1
フラワーガーデン,1
アフター観たいぞ,1
1限目に遅刻ラブ,1
瑠璃乃推し隊,1
金沢の泥,1
旅人,1
幼馴染同好会,1
LLすこすこ部,1
近畿の大金沢,1
ルリと喜ド！愛楽,1
中国の蓮之空圈子,1
ねるねる同好会,1
綴理と無言で昼寝,1
♬さやか愛好会♬,1
こじらせ部,1
初心者の集い,1
慈と愉快な仲間達,1
总计,1014
